[
    {
      "_id": "5d725a037b292f5f8ceff791",
      "title": "The Importance of Regular Health Check-ups",
      "excerpt": "Regular health check-ups are essential for maintaining good health and detecting potential issues early.",
      "content": "Regular health check-ups are essential for maintaining good health and detecting potential issues early. In this article, we discuss why you should prioritize regular medical check-ups and what tests you should consider based on your age and health status.\n\nRegular check-ups help in early detection of health issues, which can lead to more effective treatment. They also help in monitoring your overall health and making necessary lifestyle changes to prevent diseases.\n\nDepending on your age, gender, and health status, you should consider different types of check-ups. For adults, basic check-ups include blood pressure, cholesterol levels, blood sugar levels, and body mass index (BMI). Women should also consider mammograms and pap smears, while men should consider prostate exams.\n\nRemember, prevention is always better than cure. Schedule your health check-up today!",
      "category": "general",
      "image": "assets/images/featured-health-tip.jpg",
      "author": "Dr. Fordjour Peter",
      "featured": true
    },
    {
      "_id": "5d725a037b292f5f8ceff792",
      "title": "Balanced Diet for a Healthy Heart",
      "excerpt": "Learn about the foods that promote heart health and how to incorporate them into your daily diet.",
      "content": "A balanced diet is crucial for maintaining a healthy heart. Foods rich in omega-3 fatty acids, fiber, antioxidants, and lean proteins can significantly reduce the risk of heart disease. This article explores heart-healthy foods and provides practical tips for incorporating them into your daily meals.\n\nOmega-3 fatty acids, found in fatty fish like salmon and mackerel, can help reduce inflammation and lower blood pressure. Fiber, found in fruits, vegetables, and whole grains, can help lower cholesterol levels. Antioxidants, found in colorful fruits and vegetables, can help protect your cells from damage.\n\nTo incorporate these heart-healthy foods into your diet, try to include a variety of fruits and vegetables in your meals, choose whole grains over refined grains, opt for lean proteins, and limit your intake of saturated and trans fats, sodium, and added sugars.\n\nRemember, small changes can make a big difference. Start by making one heart-healthy choice each day and gradually build up to a fully heart-healthy diet.",
      "category": "nutrition",
      "image": "assets/images/health-tip-1.jpg",
      "author": "Sarah Owusu",
      "featured": false
    },
    {
      "_id": "5d725a037b292f5f8ceff793",
      "title": "Simple Exercises for Busy Professionals",
      "excerpt": "Discover quick and effective exercises that you can do even with a busy schedule to stay fit and healthy.",
      "content": "Finding time for exercise can be challenging for busy professionals, but it's essential for maintaining good health. This article presents a series of quick, effective exercises that can be done in short breaks throughout the day, requiring minimal or no equipment.\n\nDeskercises: These are exercises you can do at your desk. They include desk push-ups, chair squats, and seated leg raises. These exercises help improve circulation and reduce stiffness from sitting for long periods.\n\nQuick Cardio: Short bursts of cardio can be very effective. Try jumping jacks, high knees, or running in place for 30 seconds to 1 minute. Repeat 3-5 times for a quick cardio workout.\n\nMicro-Workouts: These are short, intense workouts that can be done in 5-10 minutes. They can include a combination of bodyweight exercises like push-ups, squats, lunges, and planks.\n\nRemember, consistency is key. Even short periods of exercise, done regularly, can have significant health benefits.",
      "category": "fitness",
      "image": "assets/images/health-tip-2.jpg",
      "author": "Michael Agyei",
      "featured": false
    }
  ]
  