[
    {
      "_id": "5d713995b721c3bb38c1f5d0",
      "name": "Paracetamol 500mg",
      "description": "Pain reliever and fever reducer for adults and children.",
      "price": 15.0,
      "category": "orthodox",
      "image": "assets/images/product-1.jpg",
      "inStock": true,
      "quantity": 100,
      "featured": true
    },
    {
      "_id": "5d713a66ec8f2b88b8f830b8",
      "name": "Vitamin C 1000mg",
      "description": "Supports immune system health and overall wellness.",
      "price": 25.0,
      "category": "supplements",
      "image": "assets/images/product-2.jpg",
      "inStock": true,
      "quantity": 75,
      "featured": true
    },
    {
      "_id": "5d725a037b292f5f8ceff787",
      "name": "Herbal Cough Syrup",
      "description": "Natural remedy for cough and throat irritation.",
      "price": 30.0,
      "category": "herbal",
      "image": "assets/images/product-3.jpg",
      "inStock": true,
      "quantity": 50,
      "featured": true
    },
    {
      "_id": "5d725a1b7b292f5f8ceff788",
      "name": "Blood Pressure Monitor",
      "description": "Digital device for measuring blood pressure at home.",
      "price": 150.0,
      "category": "personal-care",
      "image": "assets/images/product-4.jpg",
      "inStock": true,
      "quantity": 25,
      "featured": true
    },
    {
      "_id": "5d725a037b292f5f8ceff789",
      "name": "Amoxicillin 500mg",
      "description": "Antibiotic used to treat a variety of bacterial infections.",
      "price": 35.0,
      "category": "orthodox",
      "image": "assets/images/product-5.jpg",
      "inStock": true,
      "quantity": 60,
      "featured": false
    },
    {
      "_id": "5d725a037b292f5f8ceff790",
      "name": "Herbal Sleep Aid",
      "description": "Natural supplement to improve sleep quality.",
      "price": 28.0,
      "category": "herbal",
      "image": "assets/images/product-6.jpg",
      "inStock": true,
      "quantity": 40,
      "featured": false
    }
  ]
  